Field,Value
Date & Time,29/06/2026 14:25
Visit Duration,11 min 48 sec
Detected Language,en
Gender,Not specified
Age Group,Adult 30-64 (parent of 3-year-old)
Reason for Immigration,Not specified
Labor Market Position,Working in the open market
Customer's Domicile,Not specified
Duration of Residence in Finland,Less than 1 year
Country of Birth,Finland
Mother Tongue,English
Finnish Language Skills,Basic
Education Level,Not specified
Topics,Childcare options in Finland; availability of daycare centers; eligibility criteria for the municipal early childhood education service; language spoken in daycare centers; education system in Finland; process of applying for a place in a daycare center
Number of People in Household,Not specified
How Customer Heard About Service,not mentioned
Additional Notes,"Services sought: Information on how to find a suitable daycare or kindergarten for their three-year-old child.. Guidance provided: Information on the municipal early childhood education service, which is provided free of charge by the city, and the process of applying for a place in a daycare center.. Referrals made: ESPO website."
Confidence Notes,All fields extracted with reasonable confidence
